Workbook

Sheet 안내
A1: 체어그로스 — 디자이너 매출 진단 리포트 프로토타입
A2: docs/chairgross/DIAGNOSTIC_REPORT_SPEC.md의 A그룹(지금 바로 구현 가능한 8개 요소) 스펙을 스프레드시트로 구현한 프로토타입입니다.
A4: 사용 방법
A5: 1. '월별입력' 시트에 매달 한 줄씩 숫자를 입력하세요. 맨 위 예시 줄(노란 표시)은 참고용이니 지우고 첫 줄부터 실제 데이터를 넣으세요.
A6: 2. '리포트' 시트는 월별입력에서 가장 최근에 채워진 줄을 '이번 달', 그 바로 앞 줄을 '지난달'로 자동으로 찾아 계산합니다. 수식이 있는 셀은 직접 건드리지 마세요.
A7: 3. 총매출·총접객수(노란 칸, 필수)만 입력해도 리포트는 항상 정상 작동합니다. 나머지(흰 칸, 선택)를 채우면 더 정밀한 카드가 열립니다.
A9: 필수 / 선택 입력 기준
A10: 필수 (30초): 총매출, 총접객수 — 이것만으로 KPI 카드 4종 + 매출 잠재력(기본형)이 계산됩니다.
A11: 선택 (+1분): 신규/재방문 인원, 서비스·사전결제(멤버십)·리테일 매출 분리 — 채우면 원인 분해·고객구조·매출구성·정밀 매출 잠재력 카드가 열립니다.
A12: 선택하지 않아도 카드 자체는 사라지지 않고, '입력하면 이 진단이 열립니다' 안내로 표시됩니다.
A14: 색상 안내
A15: 노란 배경 = 반드시 입력해야 하는 칸
... A22: 내부 기준 대비 등급 판정(우수/양호/보완 등), 90일 실행계획, 동료 비교는 이번 프로토타입 범위(A그룹)에 포함되지 않습니다 — DIAGNOSTIC_REPORT_SPEC.md의 보류 항목(B/C/D그룹) 참고.

Sheet 월별입력
A1: 월 | B1: 총매출 (필수) | C1: 총접객수 (필수) | D1: 신규 인원 (선택) | E1: 재방문 인원 (선택) | F1: 서비스 매출 (선택) | G1: 사전결제(멤버십) 매출 (선택) | H1: 리테일 매출 (선택) | I1: 이번달 목표매출 (선택) | K1: hasCustomerData(자동) | L1: hasRevenueMix(자동)
A2: 2026-08 (예시) | B2: 18500000 | C2: 210 | D2: 62 | E2: 148 | F2: 15200000 | G2: 2100000 | H2: 1200000 | I2: 20000000 | K2: =IF(AND(D2<>"",E2<>""),1,0) -> 1 | L2: =IF(AND(F2<>"",G2<>"",H2<>""),1,0) -> 1
K3: =IF(AND(D3<>"",E3<>""),1,0) -> 0 | L3: =IF(AND(F3<>"",G3<>"",H3<>""),1,0) -> 0
K4: =IF(AND(D4<>"",E4<>""),1,0) -> 0 | L4: =IF(AND(F4<>"",G4<>"",H4<>""),1,0) -> 0
K5: =IF(AND(D5<>"",E5<>""),1,0) -> 0 | L5: =IF(AND(F5<>"",G5<>"",H5<>""),1,0) -> 0
K6: =IF(AND(D6<>"",E6<>""),1,0) -> 0 | L6: =IF(AND(F6<>"",G6<>"",H6<>""),1,0) -> 0
K7: =IF(AND(D7<>"",E7<>""),1,0) -> 0 | L7: =IF(AND(F7<>"",G7<>"",H7<>""),1,0) -> 0
K8: =IF(AND(D8<>"",E8<>""),1,0) -> 0 | L8: =IF(AND(F8<>"",G8<>"",H8<>""),1,0) -> 0
K9: =IF(AND(D9<>"",E9<>""),1,0) -> 0 | L9: =IF(AND(F9<>"",G9<>"",H9<>""),1,0) -> 0
K10: =IF(AND(D10<>"",E10<>""),1,0) -> 0 | L10: =IF(AND(F10<>"",G10<>"",H10<>""),1,0) -> 0
K11: =IF(AND(D11<>"",E11<>""),1,0) -> 0 | L11: =IF(AND(F11<>"",G11<>"",H11<>""),1,0) -> 0
K12: =IF(AND(D12<>"",E12<>""),1,0) -> 0 | L12: =IF(AND(F12<>"",G12<>"",H12<>""),1,0) -> 0
K13: =IF(AND(D13<>"",E13<>""),1,0) -> 0 | L13: =IF(AND(F13<>"",G13<>"",H13<>""),1,0) -> 0
K14: =IF(AND(D14<>"",E14<>""),1,0) -> 0 | L14: =IF(AND(F14<>"",G14<>"",H14<>""),1,0) -> 0

Sheet 리포트
A1: 체어그로스 매출 진단 리포트 | N1: 내부 계산 — 수정하지 마세요
A2: 디자이너명 | B2: 디자이너 이름을 입력하세요 | C2: 관측기간 | D2: =N4 -> 2026-08 (예시) | M2: 입력된 월 수 | N2: =COUNTA(월별입력!A2:A14) -> 1
A3: 업데이트일 | B3: =TODAY() -> 46292 | M3: 데이터 있음(1/0) | N3: =IF(N2>=1,1,0) -> 1
M4: 월 라벨(이번달) | N4: =IF(N3=1,INDEX(월별입력!A2:A14,N2),"") -> 2026-08 (예시)
A5: ① KPI 카드 — 총매출 · 접객수 · 객단가 · 일평균매출 | M5: 총매출(이번달) | N5: =IF(N3=1,INDEX(월별입력!B2:B14,N2),"") -> 18500000
A6: 총매출 | B6: =IF(N3=1,N5,"필수 데이터를 입력해주세요 (월별입력 시트, 노란 칸)") -> 18500000 | M6: 총접객수(이번달) | N6: =IF(N3=1,INDEX(월별입력!C2:C14,N2),"") -> 210
A7: 총접객수 | B7: =IF(N3=1,N6,"필수 데이터를 입력해주세요 (월별입력 시트, 노란 칸)") -> 210 | M7: 신규인원(이번달) | N7: =IF(N3=1,INDEX(월별입력!D2:D14,N2),"") -> 62
A8: 객단가 (자동계산) | B8: =IF(N3=1,IFERROR(N5/N6,0),"필수 데이터를 입력해주세요 (월별입력 시트, 노란 칸)") -> 88095.238 | M8: 재방문인원(이번달) | N8: =IF(N3=1,INDEX(월별입력!E2:E14,N2),"") -> 148
A9: 일평균매출 (자동계산) | B9: =IF(N3=1,IFERROR(N5/DAY(EOMONTH(DATEVALUE(LEFT(N4,7)&"-01"),0)),0),"필수 데이터를 입력해주세요 (월별입력 시트, 노란 칸)") -> 596774.19 | M9: 서비스매출(이번달) | N9: =IF(N3=1,INDEX(월별입력!F2:F14,N2),"") -> 15200000
M10: 사전결제매출(이번달) | N10: =IF(N3=1,INDEX(월별입력!G2:G14,N2),"") -> 2100000
A11: ② 원인 분해 — 서비스 / 사전결제 / 리테일 매출 증감 (전월 대비) | M11: 리테일매출(이번달) | N11: =IF(N3=1,INDEX(월별입력!H2:H14,N2),"") -> 1200000
A12: 서비스 매출 증감 | B12: =IF(N14=0,"선택 입력하면 이 진단이 열려요",IF(N2<2,"비교할 지난달 데이터가 아직 없어요 (다음 달부터 보여요)",IF(N18=0,"지난달 선택 입력이 없어서 비교할 수 없어요",N9-N15))) -> 비교할 지난달 데이터가 아직 없어요 (다음 달부터 보여요) | M12: 목표매출(이번달) | N12: =IF(N3=1,INDEX(월별입력!I2:I14,N2),"") -> 20000000
A13: 사전결제(멤버십) 매출 증감 | B13: =IF(N14=0,"선택 입력하면 이 진단이 열려요",IF(N2<2,"비교할 지난달 데이터가 아직 없어요 (다음 달부터 보여요)",IF(N18=0,"지난달 선택 입력이 없어서 비교할 수 없어요",N10-N16))) -> 비교할 지난달 데이터가 아직 없어요 (다음 달부터 보여요) | M13: hasCustomerData(이번달) | N13: =IF(N3=1,INDEX(월별입력!K2:K14,N2),0) -> 1
A14: 리테일 매출 증감 | B14: =IF(N14=0,"선택 입력하면 이 진단이 열려요",IF(N2<2,"비교할 지난달 데이터가 아직 없어요 (다음 달부터 보여요)",IF(N18=0,"지난달 선택 입력이 없어서 비교할 수 없어요",N11-N17))) -> 비교할 지난달 데이터가 아직 없어요 (다음 달부터 보여요) | M14: hasRevenueMix(이번달) | N14: =IF(N3=1,INDEX(월별입력!L2:L14,N2),0) -> 1
M15: 서비스매출(지난달) | N15: =IF(N2>=2,INDEX(월별입력!F2:F14,N2-1),"")
A16: ③ 고객구조 — 신규 / 재방문 | M16: 사전결제매출(지난달) | N16: =IF(N2>=2,INDEX(월별입력!G2:G14,N2-1),"")
A17: 신규 인원 | B17: =IF(N13=1,N7,"선택 입력하면 이 진단이 열려요") -> 62 | M17: 리테일매출(지난달) | N17: =IF(N2>=2,INDEX(월별입력!H2:H14,N2-1),"")
A18: 재방문 인원 | B18: =IF(N13=1,N8,"선택 입력하면 이 진단이 열려요") -> 148 | M18: hasRevenueMix(지난달) | N18: =IF(N2>=2,INDEX(월별입력!L2:L14,N2-1),0) -> 0
A19: 재방문율 (자동계산) | B19: =IF(N13=1,IFERROR(N8/(N7+N8),0),"선택 입력하면 이 진단이 열려요") -> 0.7047619
A21: ④ 매출구성 비율
A22: 구성 항목 | B22: 금액 | C22: 비율
A23: 서비스 매출 | B23: =IF(N14=1,N9,0) -> 15200000 | C23: =IF(N14=1,IFERROR(N9/(N9+N10+N11),0),0) -> 0.82162162
A24: 사전결제(멤버십) 매출 | B24: =IF(N14=1,N10,0) -> 2100000 | C24: =IF(N14=1,IFERROR(N10/(N9+N10+N11),0),0) -> 0.11351351
A25: 리테일 매출 | B25: =IF(N14=1,N11,0) -> 1200000 | C25: =IF(N14=1,IFERROR(N11/(N9+N10+N11),0),0) -> 0.064864865
A26: =IF(N14=0,"선택 입력하면 이 진단이 열려요","")
A28: ⑤ 매출 잠재력 — 이 지표만 개선하면?
A29: 기본형 (객단가 10% 개선 시) | B29: =IF(N3=1,N5*0.1,"필수 데이터를 입력해주세요 (월별입력 시트, 노란 칸)") -> 1850000
A30: 정밀형 (재방문율 10%p 개선 시) | B30: =IF(N13=0,"선택 입력하면 더 정밀한 계산이 열려요",N6*0.1*IFERROR(N9/(N7+N8),IFERROR(N5/N6,0))) -> 1520000
A32: ⑥ 운영목표 — 이번 달 목표 vs 실제
A33: 목표매출 | B33: =IF(N12="","목표를 입력하면 진행률을 보여드려요",N12) -> 20000000
A34: 실제매출 | B34: =IF(N12="","목표를 입력하면 진행률을 보여드려요",N5) -> 18500000
A35: 달성률 | B35: =IF(N12="","목표를 입력하면 진행률을 보여드려요",IFERROR(N5/N12,0)) -> 0.925
A36: 목표까지 남은 금액 | B36: =IF(N12="","목표를 입력하면 진행률을 보여드려요",MAX(N12-N5,0)) -> 1500000
A38: ⑦ 산식 · 해석범위 고지 (참고용)
A39: · 객단가 = 총매출 ÷ 총접객수 · 일평균매출 = 총매출 ÷ 관측월의 일수 · 매출 잠재력(기본형) = 총매출 × 10% — '객단가를 10% 개선했을 때'를 가정한 참고용 추정치이며 실제 결과를 보장하지 않습니다. · 매출 잠재력(정밀형) = (총접객수 × 10%) × 1인당 서비스 단가 — '재방문 고객이 10%p 늘었을 때'를 가정한 참고용 추정치입니다. · 재방문율 = 재방문 인원 ÷ (신규 인원 + 재방문 인원) · 원인 분해(증감)는 전월 대비 단순 차액이며, 계절성·이벤트 등 외부 요인은 반영하지 않습니다. · 모든 수치는 디자이너 자가 입력에 기반하며, POS·예약 시스템과 대조 검증되지 않습니다. · 내부 기준 대비 등급 판정(우수/양호/보완 등)과 90일 실행계획은 이번 프로토타입(A그룹)에는 포함되지 않았습니다.
